日期,股票,代码,NAVER_aq成交量(股),NXT成交量(股),当前合并成交量(股),NAVER_aa成交额(원),NXT成交额(원),当前合并成交额(원),NAVER_aa(亿),NXT(亿),当前合并(亿),NAVER_nv价格,NXT价格,最终价格
2026-10-02,삼성전자,005930,11408387,5506956,16915343,3141812000000,1515529650000,4657341650000,31418.1,15155.3,46573.4,276000,276000,276000
2026-10-02,SK하이닉스,000660,2014287,878971,2893258,3707834000000,1618134389500,5325968389500,37078.3,16181.3,53259.7,1842000,1841000,1841000
2026-10-02,SK스퀘어,402340,346879,143499,490378,399905000000,165607343000,565512343000,3999.1,1656.1,5655.1,1156000,1157000,1157000
2026-10-02,삼성전기,009150,480105,346393,826498,750887000000,541348083500,1292235083500,7508.9,5413.5,12922.4,1577000,1577000,1577000
2026-10-02,두산에너빌리티,034020,1806290,1743850,3550140,146445000000,141913208150,288358208150,1464.5,1419.1,2883.6,81400,81400,81400
2026-10-02,삼성SDI,006400,235435,213340,448775,123515000000,111729219000,235244219000,1235.2,1117.3,2352.4,529000,529000,529000
2026-10-02,한미반도체,042700,658461,978020,1636481,180895000000,268786604500,449681604500,1809.0,2687.9,4496.8,272000,272000,272000
2026-10-02,HLB,028300,701513,817717,1519230,28316303000,32881678850,61197981850,283.2,328.8,612.0,40650,40650,40650
2026-10-02,대우건설,047040,3166858,0,3166858,55721000000,0,55721000000,557.2,0.0,557.2,17690,0,17690
2026-10-02,KB금융,105560,564592,104045,668637,94449000000,17427815850,111876815850,944.5,174.3,1118.8,168400,168300,168300
